"","state","name","id","ncesID"
"1","AK","Delta/Greely School District",93562,NA
"2","AK","Matanuska-Susitna Borough School District",31585,NA
"3","AK","Saint Mary's School District",64746,NA
"4","AK","Yukon-Koyukuk School District",30414,NA
"5","AL","Cullman County Commission on Education",163742,NA
"6","AR","Arkansas River Educational Service Cooperative",188464,NA
"7","AR","Boston Mountain Educational Cooperative",44870,NA
"8","AR","Brinkley School District No. 8",1027233,NA
"9","AR","Cross County School District No. 7",98665,NA
"10","AR","Crowley's Ridge Education Service Cooperative",30759,NA
"11","AR","Dawson Educational Cooperative",56143,NA
"12","AR","Dequeen-Mena Educational Service Cooperative",30778,NA
"13","AR","Great Rivers Educational Service Cooperative",98693,NA
"14","AR","Guy Fenter Education Service Cooperative",30709,NA
"15","AR","Hoxie School District No. 46",1027272,NA
"16","AR","Kipp Delta Public Schools",50412,NA
"17","AR","Mulberry School District No. 101",145849,NA
"18","AR","Northcentral Arkansas Education Service Cooperative",101680,NA
"19","AR","Northeast Arkansas Educational Cooperative",101681,NA
"20","AR","Northwest Arkansas Education Service Cooperative",43818,NA
"21","AR","Ozarks Unlimited Resources Educational Cooperative",229576,NA
"22","AR","Parkers Chapel School District No. 35",98768,NA
"23","AR","Searcy Special School District",108526,NA
"24","AR","South Central Service Cooperative",101689,NA
"25","AR","South Side School District No. 2",145861,NA
"26","AR","Southwest Arkansas Educational Cooperative",188490,NA
"27","AR","Special Procedures on Selected School Districts",108527,NA
"28","AR","West Side School District No. 4",145868,NA
"29","AR","Wilbur D. Mills Education Service Cooperative",188500,NA
"30","AZ","Chilchinbeto Community School Inc",45860,NA
"31","AZ","Pima County Joint Technical Education District No. 11",223740,NA
"32","AZ","St. Johns Unified School District No. 1",30515,NA
"33","AZ","Toltec Elementary School District No. 22",171213,NA
"34","CA","Alpine County Office of Education",67002,NA
"35","CA","Amethod Public Schools",171010,NA
"36","CA","Beardsley Elementary School District",31159,NA
"37","CA","Bitterwater-Tully Union School District",145945,NA
"38","CA","Bolinas-Stinson Union School District",145952,NA
"39","CA","Community Collaborative Virtual School",169346,NA
"40","CA","Contra Costa County Special Education Local Plan Area",45569,NA
"41","CA","Cutler-Orosi Joint Unified School District",108402,NA
"42","CA","East San Gabriel Valley Regional Occupational Program",31259,NA
"43","CA","El Segundo Unified School District",44062,NA
"44","CA","Elkins Elementary School District",146108,NA
"45","CA","Fresno County Superintendent of Schools",67306,NA
"46","CA","Greater Anaheim Special Education Local Plan Area",47326,NA
"47","CA","Hope Elementary School District",146216,NA
"48","CA","Hospitality Industry Training and Education Fund",188694,NA
"49","CA","Inyo County Office of Education",93657,NA
"50","CA","Island Union Elementary School District",146232,NA
"51","CA","Kings River-Hardwick Union School District",98877,NA
"52","CA","Latrobe School District",146296,NA
"53","CA","Peninsula Union School District",146497,NA
"54","CA","Placerville Union Elementary School District",91072,NA
"55","CA","Point Arena Schools District",167205,NA
"56","CA","Rio Bravo-Greeley Union Elementary School District",51579,NA
"57","CA","San Mateo-Foster City School District",67826,NA
"58","CA","Sausalito Marin City School District",67849,NA
"59","CA","South Bay Union Elementary School District",146666,NA
"60","CA","South Fork Union School District",146667,NA
"61","CA","Spreckels Union School District",1140030,NA
"62","CA","Sulphur Springs Union School District",67938,NA
"63","CA","Tuolumne County Superintendent of Schools",45608,NA
"64","CA","Two Rock Union School District",146729,NA
"65","CA","Valley Center-Pauma Unified School District",47336,NA
"66","CA","Vista Charter Public Schools Inc.",169748,NA
"67","CA","Vista Del Mar Union School District",146751,NA
"68","CA","Washington Unified School District (Yolo County)",146760,NA
"69","CA","Woodville Union School District",65329,NA
"70","CO","Arapahoe County School District No. 1",32037,NA
"71","CO","Arapahoe County School District No. 6",41980,NA
"72","CO","Aspen School District No. 1 (Re)",167273,NA
"73","CO","Center Consolidated School District No. 26jt",68071,NA
"74","CO","Colorado River Board of Cooperative Educational Services",59201,NA
"75","CO","Conejos School District No. 6j",223911,NA
"76","CO","Crowley County School District No. RE-1-J",223912,NA
"77","CO","Douglas County School District RE. 1",32045,NA
"78","CO","Eagle County School District Re50j",196443,NA
"79","CO","East Central Board of Cooperative Educational Services",32066,NA
"80","CO","El Paso County School District #22",50906,NA
"81","CO","El Paso County School District No. 14",223917,NA
"82","CO","El Paso County School District No. 38",50907,NA
"83","CO","El Paso County School District No. 8",32049,NA
"84","CO","Freemont County School District RE-2",167280,NA
"85","CO","Gunnison Watershed School District RE-1J",32056,NA
"86","CO","Joint School District No. 28-J of the Counties of Adams and Arapahoe",32038,NA
"87","CO","Lake County School District",32058,NA
"88","CO","Las Animas County School District No. RE-1",93770,NA
"89","CO","Mapleton Public Schools",32031,NA
"90","CO","Montezuma County (Cortez) School District RE-1",32070,NA
"91","CO","Northeast Colorado Board of Cooperative Educational Services",32075,NA
"92","CO","Northwest Colorado Board of Cooperative Educational Services",41619,NA
"93","CO","Pagosa Peak Open School",171026,NA
"94","CO","Pikes Peak Board of Cooperative Educational Services",46642,NA
"95","CO","Salida School District No. R-32-J",32041,NA
"96","CO","San Juan Board of Cooperative Educational Services",32062,NA
"97","CO","San Luis Valley Boces",32035,NA
"98","CO","Santa Fe Trail Boces",46575,NA
"99","CO","South Central BOCES",32080,NA
"100","CO","Southeastern BOCES",93774,NA
"101","CO","St. Vrain Valley School District RE-1J",32039,NA
"102","CO","Weld County School District No. 6",32085,NA
"103","CO","Weld County School District Re-8",40218,NA
"104","CO","Woodland Park School District Number RE-2",32084,NA
"105","CT","Capitol Regional Education Council",32208,NA
"106","CT","Eastern Connecticut Regional Educational Service Center",68203,NA
"107","CT","Pomperaug Regional School District No. 15",32209,NA
"108","CT","Regional School District No. 11",155925,NA
"109","CT","Regional School District No. 14",98974,NA
"110","CT","Regional School District No. 7",68355,NA
"111","CT","Regional Supervision District Board of Education",68357,NA
"112","CT","Shepaug Regional School District 12",98978,NA
"113","DE","Tarbiyah School",398306,NA
"114","FL","Andrews High School",68492,NA
"115","FL","Aventura City of Excellence School",68544,NA
"116","FL","Biscayne High School",68624,NA
"117","FL","Byrneville Elementary School",68709,NA
"118","FL","C.G. Bethel High School",103106,NA
"119","FL","Chambers High School",68768,NA
"120","FL","Creative Inspiration Journey of St. Cloud",399040,NA
"121","FL","Don Soffer Aventura High School",399046,NA
"122","FL","Dr. Kiran C. Patel High School",399051,NA
"123","FL","Flora Ridge Educational Facilities Benefit District",1063388,NA
"124","FL","Lake Wales Senior High School",399128,NA
"125","FL","Lone Star High School",69573,NA
"126","FL","Mcintosh Area School",69672,NA
"127","FL","Micanopy Area Cooperative School",69708,NA
"128","FL","Nature Coast Middle School",69750,NA
"129","FL","New Beginnings High School",69754,NA
"130","FL","New Springs Elementary School",399164,NA
"131","FL","Palm Pointe Educational Research School at Tradition",69899,NA
"132","FL","Pensacola Beach Elementary School",69946,NA
"133","FL","Polk Avenue Elementary School",70017,NA
"134","FL","Suncoast School for Innovative Studies",70393,NA
"135","FL","Suned High of South Broward",399262,NA
"136","FL","Sunrise High School",105055,NA
"137","FL","Sunshine High School Greater Orlando Campus",399264,NA
"138","FL","Terrace Community Middle School",70440,NA
"139","FL","The Einstein School",70451,NA
"140","FL","The Florida School for the Deaf and the Blind",157127,NA
"141","FL","The Seaside School, Inc.",70468,NA
"142","GA","Buford City Schools",99008,NA
"143","GA","Central Savannah River Area RESA",189191,NA
"144","GA","Chattahoochee Flint RESA",189193,NA
"145","GA","Coastal Plains RESA",189196,NA
"146","GA","First District RESA",189208,NA
"147","GA","Griffin RESA",189214,NA
"148","GA","Heart of Georgia RESA",189218,NA
"149","GA","Middle Georgia RESA",189228,NA
"150","GA","North Georgia Regional Educational Service Agency",189235,NA
"151","GA","Northwest Georgia Regional Educational Service Agency",189236,NA
"152","GA","Oconee RESA",189237,NA
"153","GA","Okefenokee RESA",189239,NA
"154","GA","Pioneer RESA",189242,NA
"155","GA","Southwest Georgia RESA",189250,NA
"156","GA","The Metropolitan RESA",189227,NA
"157","GA","West Georgia RESA",189263,NA
"158","IA","Cardinal of Eldon Community School District",162812,NA
"159","IA","Central Rivers Area Education Agency 267",50262,NA
"160","IA","Grant Wood Area Education Agency 10",33361,NA
"161","IA","Great Prairie Area Education Agency",52626,NA
"162","IA","Green Hills Aea",33420,NA
"163","IA","Iowa Education Benefits Program",163018,NA
"164","IA","Iowa Star School 28e Retention Pool Trust",169574,NA
"165","IA","Janesville Consolidated School District",163034,NA
"166","IA","Keystone Area Education Agency 1",33371,NA
"167","IA","Martensdale-St. Marys Community School District",163082,NA
"168","IA","MFL MarMac Community School District",163067,NA
"169","IA","Mississippi Bend Area Education Agency 9",163090,NA
"170","IA","Prairie Lakes Area Education Agency",165780,NA
"171","IA","Treasurer of State Iowa Educational Savings Plan Trust",163249,NA
"172","IA","West Lyon Community School District No. 60",163289,NA
"173","ID","Homedale Joint School District No. 370",32740,NA
"174","ID","Joint School District No. 21",32701,NA
"175","ID","Joint School District No.2",32700,NA
"176","IL","B-M-P Tri-County Special Education Cooperative",47478,NA
"177","IL","Burr Ridge Community Consolidated School District 180",51824,NA
"178","IL","Capital Area Career Center",45120,NA
"179","IL","Career Center of Southern Illinois",42411,NA
"180","IL","Community Consolidated School District 15",32944,NA
"181","IL","Community Consolidated School District 181",53271,NA
"182","IL","Community Consolidated School District No. 65",44008,NA
"183","IL","Community Unit School District 100",42064,NA
"184","IL","Community Unit School District No. 140",65415,NA
"185","IL","Cook County School District 130",32902,NA
"186","IL","Cook County School District 151",32952,NA
"187","IL","Cooperative Association for Special Education",47194,NA
"188","IL","Dixon Public School District No. 170",33055,NA
"189","IL","Dolton West School District 148",32916,NA
"190","IL","East St. Louis Area Joint Agreement",33122,NA
"191","IL","Echo Joint Agreement",32962,NA
"192","IL","Kaskaskia Special Education District 801",167480,NA
"193","IL","La Grange School District 105 South",1238171,NA
"194","IL","LaGrange School District No. 102",32929,NA
"195","IL","Legacy Law School Corporation",169869,NA
"196","IL","Leyden Area Special Education",169390,NA
"197","IL","Nokomis Community Unit School District #22",189380,NA
"198","IL","North Clay Community Unit School District #25",189381,NA
"199","IL","Posen-Robbins School District 143 1/2",32947,NA
"200","IL","Skokie/Morton Grove School District No. 69",46301,NA
"201","IL","Southern Will County Cooperative for Special Education",33161,NA
"202","IL","Special Education District of Lake County Seja District No. 825",167533,NA
"203","IL","Special Education District of Mchenry County",41935,NA
"204","IL","Triad Community Unit School District No. 2",33084,NA
"205","IL","Valley View Public School Community Unit School District No. 365-U",33159,NA
"206","IL","Vandalia Community Unit School District #203",50359,NA
"207","IN","Admas Central Community Schools - Ecas",196595,NA
"208","IN","Alexandria Community School Corporation - Ecas",197188,NA
"209","IN","Argos Community Schools",203683,NA
"210","IN","Argos Community Schools - Eca",197190,NA
"211","IN","Attica Consolidate School Corporation - Ecas",197194,NA
"212","IN","Attica Consolidated School Corporation",203684,NA
"213","IN","Avon Community School Corporation - Ecas",199948,NA
"214","IN","Barr-Reeve Community Schools Inc",43700,NA
"215","IN","Bartholomew Consol School Corporation - Eca",196599,NA
"216","IN","Baugo Community Schools - Ecas",197195,NA
"217","IN","Bloomfield School District",199949,NA
"218","IN","Bloomfield School District - Ecas",189420,NA
"219","IN","Bluffton-Harrison Metropolitan School District",43269,NA
"220","IN","Bremen Public Schools - Ecas",197197,NA
"221","IN","Brownsburg Community School Corporation - Ecas",199953,NA
"222","IN","Brownstown Central Comm School Corporation-Ecas",197198,NA
"223","IN","Cannelton City Schools",401517,NA
"224","IN","Carroll Consolidated School Corporation - Ecas",189441,NA
"225","IN","Caston School Corporation",199955,NA
"226","IN","Caston School Corporation - Ecas",189443,NA
"227","IN","Centerville-Abington Com School Corporation",207299,NA
"228","IN","Clark-Pleasant Comm School Corporation - Ecas",203843,NA
"229","IN","Clarksville Community School Corporation - Ecas",189449,NA
"230","IN","Clay Community Schools - Ecas",189450,NA
"231","IN","Clinton-Prairie School Corporation Ecas",189451,NA
"232","IN","Concord Community Schools - Ecas",197205,NA
"233","IN","Covington Community School Corporation",199959,NA
"234","IN","Covington Community School Corporation - Ecas",197206,NA
"235","IN","Cowan Community School Corporation",203188,NA
"236","IN","Cowan Community School Corporation - Ecas",199960,NA
"237","IN","Daleville Community Schools",147795,NA
"238","IN","Daleville Community Schools - Ecas",199962,NA
"239","IN","Danville Community School Corporation - Ecas",199963,NA
"240","IN","Daviess-Martin Special Education Cooperative",189469,NA
"241","IN","Decatur County Community Schools - Ecas",189470,NA
"242","IN","Dekalb County Central Unit School Dist - Eca",199964,NA
"243","IN","Dekalb County Central Unit School District - Eca",1027379,NA
"244","IN","Dekalb County East Comm School Dist - Ecas",199965,NA
"245","IN","Dekalb County East Comm School District - Ecas",1027380,NA
"246","IN","Delaware Community School Corporation - Ecas",199966,NA
"247","IN","Dugger Union Community School Corporation",148182,NA
"248","IN","Duneland School Corporation - Ecas",196637,NA
"249","IN","East Gibson School Corporation",169576,NA
"250","IN","East Gibson School Corporation - Ecas",189479,NA
"251","IN","East Noble School Corporation - Ecas",401524,NA
"252","IN","East Washington School Corporation - Ecas",199969,NA
"253","IN","Eastbrook Community School Corporation - Ecas",189480,NA
"254","IN","Eastern Hancock County Comm School Corporation Ecas",189483,NA
"255","IN","Elwood Community School Corporation - Ecas",197210,NA
"256","IN","Fairfield Community Schools - Ecas",197211,NA
"257","IN","Flat Rock-Haw Creek School Corporation",203848,NA
"258","IN","Flat Rock-Hawcreek School Corporation - Ecas",196646,NA
"259","IN","Franklin Community School Corporation - Ecas",203845,NA
"260","IN","Franklin County Community School Corporation",43653,NA
"261","IN","Franklin County Community School Corporation - Ecas",189500,NA
"262","IN","Franklin Township Community School Corporation - Eca",197212,NA
"263","IN","Frankton-Lapel Comm School Corporation - Ecas",197213,NA
"264","IN","Fremont Community Schools - Ecas",401527,NA
"265","IN","Frontier School Corporation",199973,NA
"266","IN","Frontier School Corporaton - Ecas",199974,NA
"267","IN","Gary Community School Corporation - Ecas",401530,NA
"268","IN","Goshen Community Schools - Ecas",197214,NA
"269","IN","Greene-Sullivan Special Education County-Op",189511,NA
"270","IN","Greensburg Community Schools - Ecas",189515,NA
"271","IN","Greenwood Community School Corporation - Ecas",203846,NA
"272","IN","Hamilton Community Schools",200497,NA
"273","IN","Hamilton Community Schools - Ecas",401535,NA
"274","IN","Hammond School City",820605,NA
"275","IN","Hanover Community School Corporation - Ecas",401536,NA
"276","IN","Huntington County Community School Corporation Ecas",189535,NA
"277","IN","Irvington Community School",188136,NA
"278","IN","Jac-Cen-Del Community School Corporation",189545,NA
"279","IN","Jac-Cen-Del Community School Corporation - Ecas",189546,NA
"280","IN","Jay School Corporation",169577,NA
"281","IN","Jay School Corporation - Ecas",197215,NA
"282","IN","Kankakee Valley School Corporation - Eca",197216,NA
"283","IN","Kokomo School Corporation - Ecas",189552,NA
"284","IN","Lake Central School Corporation - Ecas",401548,NA
"285","IN","Lake Station Community Schools - Ecas",401550,NA
"286","IN","Lebanon Community School Corporation - Ecas",189565,NA
"287","IN","Liberty-Perry Community School Corporation Ecas",199986,NA
"288","IN","Loogootee Community School Corporation - Ecas",197217,NA
"289","IN","Manchester Community Schools - Ecas",401553,NA
"290","IN","Metropolitan School District of Lawrence Township",170638,NA
"291","IN","Metropolitan School District of Pike Township",169579,NA
"292","IN","Middlebury Community Schools - Ecas",197220,NA
"293","IN","Milan Community Schools - Ecas",189581,NA
"294","IN","Monroe-Gregg School District - Ecas",401556,NA
"295","IN","Mooresville Consol School Corporation - Ecs",401558,NA
"296","IN","N Vermillion Community School Corporation",199989,NA
"297","IN","N Vermillion Community School Corporation - Eca",401562,NA
"298","IN","Neighbors' Educational Opportunities",168499,NA
"299","IN","New Prairie United School Corporation - Ecas",401564,NA
"300","IN","Norht Newton School Corporation - Ecas",401567,NA
"301","IN","North Central Parke Comm School - Ecas",196713,NA
"302","IN","North Daviess Community Schools - Ecas",189606,NA
"303","IN","North Gibson School Corporation - Ecas",189607,NA
"304","IN","North Judson-San Pierre School Corporation",33292,NA
"305","IN","North Knox School Corporation - Ecas",203847,NA
"306","IN","North Lawrence Community Schools - Ecas",189610,NA
"307","IN","North Miami Community Schools",199990,NA
"308","IN","North Miami Community Schools - Ecas",197225,NA
"309","IN","North Montgomery Comm School Corporation - Ecas",281373,NA
"310","IN","North Newton School Corporation Ecas",401570,NA
"311","IN","North Posey County Metropolitan School District",171341,NA
"312","IN","Northeast Dubois County School Corporation",200498,NA
"313","IN","Northeast Dubois County School Corporation - Ecas",199991,NA
"314","IN","Northern Wells Community Schools - Ecas",199992,NA
"315","IN","Oregon-Davis School Corporation",200499,NA
"316","IN","Oregon-Davis School Corporation - Ecas",401572,NA
"317","IN","Orleans Community Schools",48805,NA
"318","IN","Orleans Community Schools - Ecas",196717,NA
"319","IN","Peru Community Schools - Ecas",197227,NA
"320","IN","Pioneer Regional School Corporation",207300,NA
"321","IN","Pioneer Regional School Corporation-Ecas",189627,NA
"322","IN","Plainfield Community School Corporation - Ecas",199994,NA
"323","IN","Prairie Heights Comm School Corporation - Ecas",197228,NA
"324","IN","Randolph Southern School Corporation",203849,NA
"325","IN","Randolph Southern School Corporation - Ecas",189634,NA
"326","IN","Ripley Ohio Dearborn Special Ed Cooperative",189637,NA
"327","IN","Rising Sun-Ohio County Comm School Corporation-Ecas",401574,NA
"328","IN","Rochester Community School Corporation - Ecas",189640,NA
"329","IN","Rossville Consolidated School Dist - Eca",189643,NA
"330","IN","S Vermillion Comm School Corporation - Ecas",401576,NA
"331","IN","School City of Hobart - Ecas",401577,NA
"332","IN","School City of Whiting - Ecas",401579,NA
"333","IN","School Town of Munster - Ecas",401580,NA
"334","IN","Scott County School District 1 - Ecas",189653,NA
"335","IN","Scott County School District 2 - Ecas",189654,NA
"336","IN","Scott County School District No. 1",1027404,NA
"337","IN","Scott County School District No. 2",1027387,NA
"338","IN","Sheridan Community Schools - Ecas",189655,NA
"339","IN","Shoals Community School Corporation",200500,NA
"340","IN","Shoals Community School Corporation - Ecas",197230,NA
"341","IN","South Dearborn Comm School Corporation - Ecas",189658,NA
"342","IN","South Henry School Corporation",200000,NA
"343","IN","South Henry School Corporation - Ecas",199999,NA
"344","IN","South Knox School Corporation - Ecas",203851,NA
"345","IN","South Madison Community School Corporation-Ecas",197231,NA
"346","IN","South Montgomery Comm School Corporation - Ecas",281372,NA
"347","IN","Southern Wells Community Schools",200002,NA
"348","IN","Southern Wells Community Schools - Ecas",200001,NA
"349","IN","Southwest Park Comm School Corporation - Ecas",196744,NA
"350","IN","Spencer-Owen Community Schools - Ecas",196747,NA
"351","IN","Switzerland County School Corporation - Ecas",401588,NA
"352","IN","The Bloomington Project School",148225,NA
"353","IN","Tippecanoe School Corporation - Ecas",401589,NA
"354","IN","Tipton Community School Corporation - Ecas",401590,NA
"355","IN","Tri-Central Community Schools - Ecas",401597,NA
"356","IN","Tri-County School Corporation",211082,NA
"357","IN","Tri-County School Corporation - Ecas",200006,NA
"358","IN","Tri-Creek School Corporation - Ecas",401598,NA
"359","IN","Triton School Corporation",200007,NA
"360","IN","Triton School Corporation - Ecas",197235,NA
"361","IN","Twin Lakes School Corporation - Ecas",200008,NA
"362","IN","Union School Corporation - Ecas",189678,NA
"363","IN","Vigo County School Corporation - Ecas",401602,NA
"364","IN","Vincennes Community School Corporation - Ecas",203852,NA
"365","IN","Wa-Nee Community Schools - Ecas",197236,NA
"366","IN","Warrick County School Corporation - Ecas",200010,NA
"367","IN","Warsaw Community Schools - Ecas",197237,NA
"368","IN","Wes-Del Community School Corporation - Ecas",200011,NA
"369","IN","West Central School Corporation",169581,NA
"370","IN","West Central School Corporation - Ecas",189703,NA
"371","IN","West Noble School Corporation - Ecas",401609,NA
"372","IN","West Washington School Corporation",42841,NA
"373","IN","West Washington School Corporation - Ecas",200012,NA
"374","IN","Western Boone School Corporation - Ecas",189704,NA
"375","IN","Western School Corporation - Ecas",189705,NA
"376","IN","Westview School Corporation - Ecas",197238,NA
"377","IN","White River Valley School District",43707,NA
"378","IN","White River Valley School District - Eca",189710,NA
"379","IN","Whitely County Cnsld School Corporation - Ecas",200014,NA
"380","IN","Whitko Community School Corporation - Ecas",197239,NA
"381","KS","A.N.W. Special Education Cooperative No. 603",33478,NA
"382","KS","Bourbon County Unified School District 234",33483,NA
"383","KS","Butler County Special Education Interlocal No. 638",57453,NA
"384","KS","Fort Leavenworth Unified School District No. 207",33522,NA
"385","KS","Gardner Edgerton Unified School District No. 231",42652,NA
"386","KS","High Plains Educational Cooperative District Number 611",33509,NA
"387","KS","Interlocal No. 608 Northeast Kansas Education Service Center",74721,NA
"388","KS","North Central Kansas Special Education Cooperative Interlocal 636",48557,NA
"389","KS","Reno County Education Cooperative No. 610",33543,NA
"390","KS","Sedgwick County Area Educational Services Interlocal Cooperative",33554,NA
"391","KS","Shawnee Mission Union School District No. 512",196794,NA
"392","KS","South Central Kansas Special Education Cooperative",41717,NA
"393","KS","Southeast Kansas Education Service Center",40507,NA
"394","KS","Southeast Kansas Special Education Interlocal 637",49456,NA
"395","KS","Southwest Kansas Area Cooperative District No 613",58420,NA
"396","KS","Southwest Plains Regional Service Center Unified School District No. 626",47229,NA
"397","KS","Tri-County Special Education Cooperative No. 607",33532,NA
"398","KS","Unified School Distrct No. 379",167602,NA
"399","KS","Unified School District No. 230",42799,NA
"400","KS","Unified School District No. 249",167601,NA
"401","KS","Unified School District No. 364",167610,NA
"402","KS","Unified School District No. 373",169692,NA
"403","KS","Unified School District No. 418",33525,NA
"404","KY","Fulton County School District",33659,NA
"405","KY","Russell County School District",33734,NA
"406","KY","West Kentucky Educational Cooperative",41857,NA
"407","LA","Bienville Parish Tax Agency Fund of the Bienville Parish School Board",75111,NA
"408","LA","Bossier Parish School Board - Bossier Education Excellence Fund",168506,NA
"409","LA","City of Central School Board",75380,NA
"410","LA","Lafourche Parish Special Education District No 1",76144,NA
"411","LA","Louisiana School Employees Retirement System",76312,NA
"412","LA","Washington Parish School Board - Wesley Ray Elementary School Cash Activity Account",168586,NA
"413","MA","Diman Regional Vocational Technical High School",196825,NA
"414","MA","Lower Pioneer Valley Educational Collaborative",171166,NA
"415","MA","Seven Hills Charter Public School",189865,NA
"416","ME","Central Lincoln County School System",54385,NA
"417","ME","Indian Township Passamaquoddy School Committee",93954,NA
"418","ME","Maine School Administrative District No. 1",33925,NA
"419","ME","Maine School Administrative District No. 46",33940,NA
"420","ME","Maine School Administrative District No. 64",1035655,NA
"421","ME","School Administrative District No. 27",167738,NA
"422","MI","Adams Schools",161847,NA
"423","MI","Allegan Area Educational Service Agency",34336,NA
"424","MI","Alpena-Montmorency-Alcona Educational Service District",34338,NA
"425","MI","Arenac Eastern School District",161439,NA
"426","MI","Barry Intermediate School District",161432,NA
"427","MI","Bay-Arenac Community High School",161443,NA
"428","MI","Bay-Arenac ISD",34351,NA
"429","MI","Berrien Regional Education Service Agency",161444,NA
"430","MI","Big Burning School",161547,NA
"431","MI","Black River Public School",161627,NA
"432","MI","Branch Intermediate School District",161452,NA
"433","MI","Branch Line School",161644,NA
"434","MI","Breckenridge Community School District",160817,NA
"435","MI","Burt Township School District No. 2",161625,NA
"436","MI","C.O.O.R. Intermediate School District",34614,NA
"437","MI","Calhoun Intermediate School District",34372,NA
"438","MI","Charlevoix-Emmet Intermediate School District",161477,NA
"439","MI","Chatfield School",161564,NA
"440","MI","Cheboygan-Otsego-Presque Isle Educational Service District",161483,NA
"441","MI","Clare-Gladwin Regional Education Service District",41874,NA
"442","MI","Clinton County Regional Educational Service Agency",161492,NA
"443","MI","Coon School, Berlin Township School District #3",161539,NA
"444","MI","Copper Country Intermediate School District",34437,NA
"445","MI","Cornerstone Health & Technology High School",161671,NA
"446","MI","Delta-Schoolcraft Intermediate School District",161499,NA
"447","MI","Detroit Public Schools",161679,NA
"448","MI","Dickinson-Iron Intermediate School District",161502,NA
"449","MI","Dr. Joseph F. Pollack Academic Center of Excellence",161686,NA
"450","MI","Eastern Upper Peninsula Intermediate School District",34385,NA
"451","MI","Eaton Regional Education Service Agency",161507,NA
"452","MI","Eccles School",161848,NA
"453","MI","Excelsior District No. 1",161693,NA
"454","MI","Flex High School of Michigan",161513,NA
"455","MI","Flextech High School",161584,NA
"456","MI","Flextech High School Shepherd",161531,NA
"457","MI","Francis Street Primary School",161568,NA
"458","MI","Genesee School District #6",161517,NA
"459","MI","Gogebic-Ontonagon Intermediate School District",161533,NA
"460","MI","Gratiot-Isabella Regional Education Service District",161534,NA
"461","MI","Hillsdale County Intermediate School District",161578,NA
"462","MI","Honey Creek Community School",161653,NA
"463","MI","Huron Intermediate School District",161585,NA
"464","MI","Ingham Intermediate School District",161586,NA
"465","MI","Ionia County Intermediate School District",161587,NA
"466","MI","Iosco Regional Educational Service Agency",161589,NA
"467","MI","Jackson County Intermediate School District",161590,NA
"468","MI","Kalamazoo Regional Educational Service Agency",161596,NA
"469","MI","Kensington Woods Schools",161597,NA
"470","MI","Kent Intermediate School District",161598,NA
"471","MI","Kingsbury Country Day School",161737,NA
"472","MI","Lakeshore Public School",161454,NA
"473","MI","Lapeer County Intermediate School District",161606,NA
"474","MI","Lenawee Intermediate School District",161607,NA
"475","MI","Lewis Cass Intermediate School District",161609,NA
"476","MI","Livingston Educational Service Agency",161614,NA
"477","MI","Macomb Intermediate School District",1091484,NA
"478","MI","Manistee Intermediate School District",161619,NA
"479","MI","Marquette-Alger Regional Educational Service Agency",161754,NA
"480","MI","Mason County Eastern School District",161656,NA
"481","MI","Mecosta-Osceola Intermediate School District",161761,NA
"482","MI","Melvindale-Northern Allen Park Public Schools",1238558,NA
"483","MI","Menominee County Intermediate School District",161765,NA
"484","MI","Midland County Educational Service Agency",34544,NA
"485","MI","Monroe County Intermediate School District",161773,NA
"486","MI","Montcalm Area Intermediate School District",161774,NA
"487","MI","Muskegon Area Intermediate School District",1091490,NA
"488","MI","Newaygo County Regional Educational Service Agency",161795,NA
"489","MI","NexTech High School",161797,NA
"490","MI","North Dickinson County School District",161509,NA
"491","MI","North LeValley School, Ionia Township School District #2F",161588,NA
"492","MI","Oakland FlexTech High School",169609,NA
"493","MI","Oakland Schools",41824,NA
"494","MI","Old Mission Peninsula School",161809,NA
"495","MI","Ottawa Area Intermediate School District",161813,NA
"496","MI","Public Schools of the City of Muskegon",161785,NA
"497","MI","Redford Township District Library",281394,NA
"498","MI","River School - Sodus Township #5",161465,NA
"499","MI","Riverside School - Hagar Township #6",161447,NA
"500","MI","Sanilac Intermediate School District",161842,NA
"501","MI","School District of the City of East Lansing",161558,NA
"502","MI","School District of the City of Highland Park",161720,NA
"503","MI","School District of the City of Inkster",161845,NA
"504","MI","School District of the City of Muskegon Heights",161783,NA
"505","MI","School District of the City of Saginaw",161839,NA
"506","MI","Shiawassee Regional Educational Service District",42599,NA
"507","MI","St. Joseph County Intermediate School District",1091502,NA
"508","MI","The Greenspire School",161865,NA
"509","MI","The James and Grace Lee Boggs School",161866,NA
"510","MI","Traverse Bay Area Intermediate School District",161871,NA
"511","MI","Tuscola Intermediate School District",161874,NA
"512","MI","University Prep Art and Design",190004,NA
"513","MI","Van Buren Intermediate School District",34656,NA
"514","MI","Verona Mills School",161884,NA
"515","MI","Washtenaw Intermediate School District",161897,NA
"516","MI","Wayne County Regional Educational Service Agency",161900,NA
"517","MI","West Shore Educational Service District",55945,NA
"518","MI","Wexford Missaukee Intermediate School District",161910,NA
"519","MI","Windover High School",161918,NA
"520","MI","Woodland School",161920,NA
"521","MN","Area Special Education Cooperative",167796,NA
"522","MN","Educational Cooperative Service Unit of the Metropolitan Twin Cities Area",103115,NA
"523","MN","Farmington Independent School District No. 192",196916,NA
"524","MN","Independent School District 2142",34898,NA
"525","MN","Independent School District 2198",169423,NA
"526","MN","Independent School District No. 001",167819,NA
"527","MN","Independent School District No. 181",167801,NA
"528","MN","Independent School District No. 194",167813,NA
"529","MN","Independent School District No. 199",1035651,NA
"530","MN","Independent School District No. 2155",34914,NA
"531","MN","Independent School District No. 2172",1035642,NA
"532","MN","Independent School District No. 2174",81335,NA
"533","MN","Independent School District No. 2184",1035641,NA
"534","MN","Independent School District No. 241",34834,NA
"535","MN","Independent School District No. 272",34837,NA
"536","MN","Independent School District No. 273",34838,NA
"537","MN","Independent School District No. 2889",1035645,NA
"538","MN","Independent School District No. 2905",56107,NA
"539","MN","Independent School District No. 31",34807,NA
"540","MN","Independent School District No. 333",1035647,NA
"541","MN","Independent School District No. 51",34810,NA
"542","MN","Independent School District No. 535",34873,NA
"543","MN","Independent School District No. 544",167820,NA
"544","MN","Independent School District No. 553",1035649,NA
"545","MN","Independent School District No. 6070-50",169425,NA
"546","MN","Independent School District No. 625",34887,NA
"547","MN","Independent School District No. 690",1035650,NA
"548","MN","Independent School District No. 706",34896,NA
"549","MN","Independent School District No. 742",81329,NA
"550","MN","Independent School District No. 77",81348,NA
"551","MN","Independent School District No. 88",34813,NA
"552","MN","Independent School District No. 94",34814,NA
"553","MN","Inependent School District No. 16",167827,NA
"554","MN","Lakes Country Service Cooperative",40828,NA
"555","MN","Minneapolis Public Schools Special School District No. 1",34840,NA
"556","MN","Minnesota Office of Higher Education",40499,NA
"557","MN","Northeast Metropolitan Intermediate School District No. 916",1035652,NA
"558","MN","Northwest Service Cooperative",43663,NA
"559","MN","Perham Independent School District No. 549",196908,NA
"560","MN","Saint Paul Public Schools",1240701,NA
"561","MN","Southwest and West Central Service Cooperative",34857,NA
"562","MN","Special School District No. 6",42341,NA
"563","MO","Barton County R-1 School District",190080,NA
"564","MO","Consolidated School District No IV of Jackson County",35234,NA
"565","MO","Fort Zumwalt School District",35302,NA
"566","MO","Lawrence County R-9 School District",44607,NA
"567","MO","Lincoln County R-III School District",35260,NA
"568","MO","Pemiscot County Special School District",35283,NA
"569","MO","Reogranized School District R-II of Cape Girardeau County",167912,NA
"570","MO","Reorganized School Distict No IV of Jackson County",167913,NA
"571","MO","Reorganized School District No II of Barton County",167915,NA
"572","MO","Reorganized School District No. 1",167914,NA
"573","MO","Reorganized School District R-IV of Lincoln",167916,NA
"574","MO","Saint Charles R-VI School District",167917,NA
"575","MS","Carroll County School District",99101,NA
"576","MS","Hollandale School District",35087,NA
"577","MT","Bear Paw Cooperative",47377,NA
"578","MT","Big Sky Special Needs Cooperative",46803,NA
"579","MT","Bitterroot Special Education Cooperative",190128,NA
"580","MT","Livingston School District",81628,NA
"581","MT","Missoula Area Education Cooperative",43123,NA
"582","MT","Poplar Schools #9 & 9b",35420,NA
"583","MT","Prickly Pear Special Education Cooperative",35410,NA
"584","NC","Kipp Enc Public Schools",53871,NA
"585","NC","Sallie B Howard School",190199,NA
"586","ND","Lake Region Special Education District",224972,NA
"587","ND","Minot Air force Base Public School District No. 160",36830,NA
"588","ND","Morton-Sioux Special Education Unit",36817,NA
"589","ND","North Valley Area Career and Technology Center",36827,NA
"590","ND","Upper Valley Special Education District",36828,NA
"591","ND","Wil-Mac Multidistrict Special Education Unit",47416,NA
"592","NE","Antelope County School District No. 9",190329,NA
"593","NE","Board of Education of School District #83",197017,NA
"594","NE","Burt County School District No. 1",190383,NA
"595","NE","Cass County School District No. 1",108696,NA
"596","NE","Crofton Community Schools, District No. 96",108934,NA
"597","NE","Dodge County School District No. 001",109135,NA
"598","NE","Doniphan-Trumbull Public Schools District No. 40",108954,NA
"599","NE","Douglas County School District #0001",35480,NA
"600","NE","Douglas County School District No. 10",109092,NA
"601","NE","Douglas County School District No. 54",109441,NA
"602","NE","Educational Service Unit No. 10",35469,NA
"603","NE","Educational Service Unit No. 2",35477,NA
"604","NE","Educational Service Unit No. 7",43078,NA
"605","NE","Ewing Public Schools District No. 29",190272,NA
"606","NE","Grant County School District No. 38-0011",196989,NA
"607","NE","Hall County School District 2",190279,NA
"608","NE","Harvard School District No. 18-0011",108741,NA
"609","NE","Homer Community School District No. 31R",190293,NA
"610","NE","Lancaster County School District 001",35487,NA
"611","NE","Nebraska Unified School District 1",108682,NA
"612","NE","Roseland School District No. 01-0123",108710,NA
"613","NE","Sarpy County School District No. 46",224533,NA
"614","NE","School District No. 55-0145",109716,NA
"615","NE","Scotts Bluff County School District No. 16",93980,NA
"616","NE","Warner School District Number I-74",190227,NA
"617","NE","Washington County School District No. 1",35503,NA
"618","NE","Wayne County School District No. 595",190396,NA
"619","NH","School Administration Unit 24",190413,NA
"620","NH","School Administrative Unit No. 16",35594,NA
"621","NH","School Administrative Unit No. 44",64964,NA
"622","NJ","Bergen County Special Services School District",42509,NA
"623","NJ","Bergen County Technical and Vocational High School District",42533,NA
"624","NJ","Bergenfield Board of Education",43070,NA
"625","NJ","Borough of Roselle School District",35882,NA
"626","NJ","Burlington County Institute of Technology",35613,NA
"627","NJ","City of Atlantic City Board of Education",81924,NA
"628","NJ","City of Elizabeth School District",46287,NA
"629","NJ","City of Orange Township Public Schools",108027,NA
"630","NJ","Colts Neck Township School District",168105,NA
"631","NJ","Cumberland County Board of Vocational Education",168034,NA
"632","NJ","Educational Services Commission of New Jersey",35821,NA
"633","NJ","Essex Regional Educational Services Commission",35785,NA
"634","NJ","Galloway Township Public School District",225132,NA
"635","NJ","Gloucester County Special Services School District",42049,NA
"636","NJ","Gloucester County Vocational Technical School District",41175,NA
"637","NJ","Hackettstown School District",168104,NA
"638","NJ","Hudson County Schools of Technology",35621,NA
"639","NJ","Manchester Regional High School Board of Education",49358,NA
"640","NJ","Mercer County Special Services School District",35624,NA
"641","NJ","Middlesex County Vocational and Technical High Schools",35626,NA
"642","NJ","Montclair School District",168076,NA
"643","NJ","Ocean City Board of Education",81960,NA
"644","NJ","Ocean County Vocational-Technical School District",225180,NA
"645","NJ","Pennsauken Township School District",197042,NA
"646","NJ","Roselle Park School District",35883,NA
"647","NJ","Salem County Vocational Technical School District",35634,NA
"648","NJ","Township of Middle Board of Education",197035,NA
"649","NJ","Union County Vocational-Technical Schools",40616,NA
"650","NJ","Wayne Township Public Schools",168122,NA
"651","NM","Central Region Educational Cooperative 5",40492,NA
"652","NM","Cuba Independent School District No. 62",44045,NA
"653","NM","Las Cruces Public Schools District No. 2",35936,NA
"654","NM","Region IX Education Cooperative",46777,NA
"655","NM","Regional Education Cooperative VII",40493,NA
"656","NY","Board of Cooperative Educational Services First Supervisory District of Erie County",40354,NA
"657","NY","Board of Cooperative Educational Services of Nassau County",45052,NA
"658","NY","Board of Cooperative Educational Services of Rockland County",36365,NA
"659","NY","Boces Genesee Livingston Steuben and Wyoming Counties",36222,NA
"660","NY","Boces Second Supervisory District of Monroe and Orleans Counties",197977,NA
"661","NY","Broome-Tioga Boces",36120,NA
"662","NY","Clinton-Essex-Warren-Washington Counties Boces",36154,NA
"663","NY","Dutchess County Board of Cooperative Educational Services",197096,NA
"664","NY","Eastern Suffolk Boces",41001,NA
"665","NY","Edgemont Union Free School District",1265354,NA
"666","NY","Greater Southern Tier Boces",36395,NA
"667","NY","Hamilton, Fulton and Montgomery Counties  BOCES",36199,NA
"668","NY","Herkimer Central School District",168191,NA
"669","NY","Jefferson-Lewis-Hamilton-Herkimer-Oneida Boces",36216,NA
"670","NY","Oneida Herkimer and Madison Counties Boces",36301,NA
"671","NY","Onondaga Cortland Madison Boces",36313,NA
"672","NY","Orange Ulster Boces",36333,NA
"673","NY","Orleans-Niagara Boces",36336,NA
"674","NY","Oswego County Board of Cooperative Educational Services",197102,NA
"675","NY","Otsego Northern Catskills BOCES",168209,NA
"676","NY","South Glens Falls Central School",36375,NA
"677","NY","Southern Westchester Boces",36479,NA
"678","NY","Ulster County Board of Cooperative Educational Services",43817,NA
"679","NY","Unatego Central School District",36348,NA
"680","NY","Washington Saratoga Warren Hamilton Essex Counties Boces",40423,NA
"681","NY","Western Suffolk Boces",36430,NA
"682","OH","Apollo Career Center",42336,NA
"683","OH","Ashland County-West Holmes Joint Vocational School District",36992,NA
"684","OH","Ashtabula County Educational Service Center",91093,NA
"685","OH","Ashtabula County Technical and Career Center",36999,NA
"686","OH","Athens-Meigs Educational Service Center",45721,NA
"687","OH","Auburn Vocational School District",41866,NA
"688","OH","Auglaize County Educational Service Center",52127,NA
"689","OH","Buckeye Joint Vocational School District",37290,NA
"690","OH","Buckeye Online School for Success",82667,NA
"691","OH","Butler County Educational Service Center",42985,NA
"692","OH","Butler Technology and Career Development Schools",46507,NA
"693","OH","Canton College Preparatory School",82703,NA
"694","OH","Canton Harbor High School",82705,NA
"695","OH","Capital City Career Prep High School",168650,NA
"696","OH","Career and Technology Education Centers of Licking County",37146,NA
"697","OH","Cascade Career Prep High School",168651,NA
"698","OH","Clay Avenue Community School",53699,NA
"699","OH","Collins Career Center",57390,NA
"700","OH","Columbiana County Career and Technical Center",82840,NA
"701","OH","Columbus Clippers",188320,NA
"702","OH","Constellation Schools Madison Community Elementary School District",82897,NA
"703","OH","Constellation Schools Old Brooklyn Community Elementary School District",82898,NA
"704","OH","Constellation Schools Parma Community",82900,NA
"705","OH","Constellation Schools Stockyard Community Elementary School District",82903,NA
"706","OH","Constellation Schools Westpark Community Elementary School District",82905,NA
"707","OH","Constellation Schools Westside Community School of the Arts",82907,NA
"708","OH","Coshocton County Career Center",82922,NA
"709","OH","Darke County Educational Service Center",43620,NA
"710","OH","Dayton Leadership Academies - Dayton View",65526,NA
"711","OH","Delaware Area Career Center",65590,NA
"712","OH","East Central Ohio Educational Service Center",41760,NA
"713","OH","Eastland Fairfield Career and Technical Schools",197128,NA
"714","OH","Educational Service Center of Central Ohio",91095,NA
"715","OH","Educational Service Center of Lake Erie West",43936,NA
"716","OH","Educational Service Center of Northeast Ohio",37068,NA
"717","OH","Ehove Career Center",46503,NA
"718","OH","Four County Career Center",83122,NA
"719","OH","Foxfire High School",83125,NA
"720","OH","Gallia-Jackson-Vinton Joint Vocational School District",37095,NA
"721","OH","Gallia-Vinton Educational Service Center",51041,NA
"722","OH","Great Oaks Career Campuses",37116,NA
"723","OH","Greater Summit County Early Learning Center Elementary School",83225,NA
"724","OH","Greene County Vocational School District",83237,NA
"725","OH","Hamilton County Educational Service Center",41864,NA
"726","OH","Hardin-Houston Local School District",83282,NA
"727","OH","Harrisburg Pike Community School",83288,NA
"728","OH","iLEAD Spring Meadows",83385,NA
"729","OH","Kids Care Elementary",83453,NA
"730","OH","Knox County Career Center",37133,NA
"731","OH","Lakeshore Intergenerational School",83485,NA
"732","OH","Life Skills - Lake Erie International High School",83539,NA
"733","OH","Life Skills Center of Elyria",83545,NA
"734","OH","Life Skills Invictus High School",83551,NA
"735","OH","Life Skills Marshall High School",83552,NA
"736","OH","Lighthouse Community School",83554,NA
"737","OH","Lorain Community School",190675,NA
"738","OH","Lorain County Joint Vocational School District",37160,NA
"739","OH","Madison Avenue School of Arts",54236,NA
"740","OH","Mahoning County Career and Technical Center",37174,NA
"741","OH","Mahoning County Educational Service Center",42308,NA
"742","OH","Mahoning Unlimited Classroom",83638,NA
"743","OH","Mason Run High School",83688,NA
"744","OH","Medina County Joint Vocational School District",83712,NA
"745","OH","Mercer County Educational Service Center",45659,NA
"746","OH","Miami Valley Academies",83751,NA
"747","OH","Miami Valley Career Technology Center",41691,NA
"748","OH","Mid-East Career and Technology Centers",83757,NA
"749","OH","Mid-Ohio Educational Service Center",65312,NA
"750","OH","Middle Bass Local School District",83759,NA
"751","OH","Midnimo Cross Cultural Middle School",83769,NA
"752","OH","Midwest Regional Educational Service Center",66036,NA
"753","OH","Montgomery County Educational Service Center",37196,NA
"754","OH","Mound Street Academies",83842,NA
"755","OH","Muskingum Valley Educational Service Center",43879,NA
"756","OH","New Albany Plain Local School District",51585,NA
"757","OH","Newbury Local School District",83915,NA
"758","OH","North Bass Local School District",83938,NA
"759","OH","North Central Ohio Educational Service Center",39606,NA
"760","OH","North Woods Career Prep High School",168660,NA
"761","OH","Northwest Ohio Educational Service Center",41867,NA
"762","OH","Ohio Digital Learning School",190704,NA
"763","OH","Ohio Hi-Point Joint Vocational School District",84002,NA
"764","OH","Pathway School of Discovery",51543,NA
"765","OH","Penta Career Center",37314,NA
"766","OH","Pickaway-Ross Career and Technology Center",84110,NA
"767","OH","Pike County Joint Vocational School District",84118,NA
"768","OH","Pioneer Career and Technology Center",84123,NA
"769","OH","Polaris Career Center",37069,NA
"770","OH","Portage Lakes Career Center",37272,NA
"771","OH","Putnam County Educational Service Center",37228,NA
"772","OH","Riverside Community School Inc",84246,NA
"773","OH","Ross-Pike Educational Service District",46519,NA
"774","OH","Scioto County Career Technical Center",37249,NA
"775","OH","Southern Ohio Educational Service Center",44854,NA
"776","OH","Springfield Clark Career Technology Center",84409,NA
"777","OH","Stark County Area Vocational School District",84428,NA
"778","OH","Stark County Educational Service Center",47572,NA
"779","OH","Summit Educational Service Center",84500,NA
"780","OH","The Graham School",84540,NA
"781","OH","Tolles Career and Technical Center",48590,NA
"782","OH","Tri-County Career Center",37003,NA
"783","OH","Tri-County Educational Service Center",65134,NA
"784","OH","Tri-Rivers Joint Vocational School District",37176,NA
"785","OH","Trumbull Career and Technical Center",37282,NA
"786","OH","U. S. Grant Joint Vocational School District",84609,NA
"787","OH","Upper Valley Career Center",37186,NA
"788","OH","Vanguard-Sentinel Career and Technology Centers",84655,NA
"789","OH","Vantage Career Center",84658,NA
"790","OH","Warren County Career Center",55912,NA
"791","OH","Warren County Educational Service Center",58375,NA
"792","OH","Washington County Career Center",37302,NA
"793","OH","Wood County Educational Service Center",40327,NA
"794","OH","Zanesville Community High School",84831,NA
"795","OK","Achille School District No. 1-3",146827,NA
"796","OK","Agra School District No. 1-134",146836,NA
"797","OK","Alva School District  No. 1-1",146847,NA
"798","OK","Anadarko School District No. 1-20",198291,NA
"799","OK","Antlers School District No. 1-13",146851,NA
"800","OK","Atoka School District No. 1-15",190734,NA
"801","OK","Barnsdall School District No. 1-29",146865,NA
"802","OK","Bartlesville School District No. 1-030",1239212,NA
"803","OK","Battiest Independent School District No. 1-71",146867,NA
"804","OK","Beaver School District No. 1-22",146870,NA
"805","OK","Bennington School District Number 1-40",146876,NA
"806","OK","Big Pasture School District No. 1-333",146881,NA
"807","OK","Binger-Oney School District No. 1-168",146883,NA
"808","OK","Bixby School District No. 1-4",168356,NA
"809","OK","Blair Independent School District No. 1-54",146888,NA
"810","OK","Bokoshe School District No. 1-26",44406,NA
"811","OK","Boone-Apache School District No. 1-056",146893,NA
"812","OK","Bray-Doyle School District No. 1-042",146898,NA
"813","OK","Caddo Kiowa Technology Center School District No 2",37375,NA
"814","OK","Caddo School District No. 1-5",146920,NA
"815","OK","Calvin School District No. 1-048",146924,NA
"816","OK","Canadian School District No. 1-2",146931,NA
"817","OK","Canadian Valley Technology Center No.6",37378,NA
"818","OK","Caney Valley School District No. 1-18",190753,NA
"819","OK","Canute Independent School District No. 11",146935,NA
"820","OK","Catoosa Public Schools I-2",190769,NA
"821","OK","Central High Independent School District No. 34",146943,NA
"822","OK","Central School District No. 1-7",190770,NA
"823","OK","Cheyenne Independent School District No. 7",146957,NA
"824","OK","Chickasha School District No. 1-001",168364,NA
"825","OK","Chisholm School District No. 1-42",146959,NA
"826","OK","Choctaw Nation Interlocal Cooperative School District Number 7-K002",148644,NA
"827","OK","Clayton School District No. 1-10",146979,NA
"828","OK","Collinsville School District No. 1-6",326230,NA
"829","OK","Cordell Independent School District No. 78",291018,NA
"830","OK","Coweta School District No. 1-017",227806,NA
"831","OK","Coyle School District No. 1-14",400157,NA
"832","OK","Crooked Oak School District No. 1-053",190778,NA
"833","OK","Crowder School District No. 1-028",227693,NA
"834","OK","Cushing School District 1-67",147028,NA
"835","OK","Cyril School District No. 1-064",147031,NA
"836","OK","Dale School District No. 1-2",147033,NA
"837","OK","Davenport School District No. 1-3",147035,NA
"838","OK","Dewar School District No. 1-008",147050,NA
"839","OK","Dewey School District No. 1-7",147053,NA
"840","OK","Dibble School District No. 1-002",227703,NA
"841","OK","Dickson School District No. 1-77",84877,NA
"842","OK","Dover Independent School District No. 2",147058,NA
"843","OK","Duke School District No. 1-14",147061,NA
"844","OK","Duncan School District No. 1-1",37492,NA
"845","OK","Durant School District No. 1-72",147063,NA
"846","OK","Eagletown Independent School District No. 1-13",147064,NA
"847","OK","Elgin School District No. 1-16",190790,NA
"848","OK","Elmore City-Pernell School District No. 1-072",1239226,NA
"849","OK","Eufaula Independent School District No. 1",84883,NA
"850","OK","Fairland School District No. 1-31",147079,NA
"851","OK","Fargo-Gage Independent School District No. 02",147083,NA
"852","OK","Felt School District No. 1-10",147084,NA
"853","OK","Five Star Interlocal Cooperative",48680,NA
"854","OK","Fletcher School District No. 1-009",147085,NA
"855","OK","Forgan School District No. 1-123",147088,NA
"856","OK","Fort Cobb-Broxton School District No. 1-167",147089,NA
"857","OK","Fort Supply School District No. 1-005",147091,NA
"858","OK","Foyil School District Number 1-7",147095,NA
"859","OK","Francis Tuttle Technology Center School District No. 21",37456,NA
"860","OK","Frederick Public School District No. 1-158",37494,NA
"861","OK","Gans School District No. 1-4",147101,NA
"862","OK","Geary Independent School District No. 80",227699,NA
"863","OK","Geronimo Independent School District No. 1-4",147113,NA
"864","OK","Glencoe School District No. 60-1101",148680,NA
"865","OK","Goodwell Independent School District No. 1-60",147117,NA
"866","OK","Gore School District No. 1-6",291023,NA
"867","OK","Gracemont Independent School District No. 86",147119,NA
"868","OK","Grandfield School District No. 1-249",147128,NA
"869","OK","Grandview School District No. Co34",37384,NA
"870","OK","Granite Independent School District No. 3",147130,NA
"871","OK","Grant County Educational Facilities Authority",149585,NA
"872","OK","Greasy Public School District C-32",147131,NA
"873","OK","Great Plains Technology Center School District No.9",103048,NA
"874","OK","Grove School District No. 1-2",198299,NA
"875","OK","Haileyville School District No. 1-11",148686,NA
"876","OK","Hammon Independent School District No. 66",147145,NA
"877","OK","Hartshome School District No. 1",227838,NA
"878","OK","Haskell Independent School District No. 51-1002",190813,NA
"879","OK","Haworth School District No. 1-006",1239223,NA
"880","OK","Healdton School District No. 1-055",147167,NA
"881","OK","Henryetta School District No. 1-2",147171,NA
"882","OK","Hilldale Independent School District No. 1-29",227707,NA
"883","OK","Hinton School District No. 1-161",147174,NA
"884","OK","Hobart School District No. 1-001",190818,NA
"885","OK","Holdenville School District No. 1-35",168377,NA
"886","OK","Hollis Independent School District No. 1-66",147179,NA
"887","OK","Hominy School District No. 1-38",147181,NA
"888","OK","Hooker School District Number 1-23",147183,NA
"889","OK","Hugo School District No. 1-39",84918,NA
"890","OK","Hydro-Eakly Independent School District No. 11",398901,NA
"891","OK","Idabel School District No. 1-005",147193,NA
"892","OK","Inola School District No. 1-5",44459,NA
"893","OK","Jay School District No. 1-1",190826,NA
"894","OK","Jenks School District No. 1-5",84923,NA
"895","OK","Jones School District No. 1-9",37452,NA
"896","OK","Keota School District No. 1-43",44104,NA
"897","OK","Keyes School District I-11",147224,NA
"898","OK","Kiamichi Technology Center No. 7",37418,NA
"899","OK","Kiefer School District No. 1-18",147229,NA
"900","OK","Kingston School District No. 1-3",84929,NA
"901","OK","Kinta School District No. 1-13",291005,NA
"902","OK","Laverne School District No. 1-001",147250,NA
"903","OK","Leedey Independent School District No. 3",147264,NA
"904","OK","LeFlore School District No. 1-016",227708,NA
"905","OK","Liberty School District No. 1-14",148710,NA
"906","OK","Little Axe School District No. 1-70",84934,NA
"907","OK","Lomega Independent School District No. 3",147278,NA
"908","OK","Lone Wolf School District No. 1-2",147281,NA
"909","OK","Lookeba-Sickles School District No. 1-012",147282,NA
"910","OK","Marietta School District No. 1-16",99160,NA
"911","OK","Maud Independent School District No. 1-117",84937,NA
"912","OK","Meeker School District No. 1-95",147318,NA
"913","OK","Minco Independent School District No. 2",147332,NA
"914","OK","Moore Norman Technology Center District 17",84944,NA
"915","OK","Moore School District No. 1-2",37388,NA
"916","OK","Mooreland Independent School District No. 2",147337,NA
"917","OK","Morrison School District No. 1-6",147339,NA
"918","OK","Moss School District No. 1-001",147341,NA
"919","OK","Mulhall-Orlando Independent School District No. 42-1003",147345,NA
"920","OK","Mustang Independent School District No. 69",227877,NA
"921","OK","Navajo Independent School District No. 1",147362,NA
"922","OK","Noble School District No. 1-40",37389,NA
"923","OK","North Rock Creek School District C-10",200042,NA
"924","OK","Nowata School District No. 1-040",148753,NA
"925","OK","Oaks Mission School District Number I-5",147389,NA
"926","OK","Okarche Independent School District No. 1-105",147391,NA
"927","OK","Okay Independent School District No. 73-1001",147392,NA
"928","OK","Okeene Independent School District No. 1-9",147394,NA
"929","OK","Okemah School District No. 1-26",197304,NA
"930","OK","Okmulgee School District No. 1-1",94013,NA
"931","OK","Olive School District No. 1-17",147454,NA
"932","OK","Olustee-Eldorado Independent School District No. 40",147455,NA
"933","OK","Oologah-Talala School District No. 1-4",198305,NA
"934","OK","Osage County Interlocal Cooperative School District 57 K-001",37462,NA
"935","OK","Owasso School District No. 1-11",37499,NA
"936","OK","Paoli School District No. 1-005",147470,NA
"937","OK","Pauls Valley School District No. 1-018",225992,NA
"938","OK","Pawnee School District No. 1-1",281439,NA
"939","OK","Perkins-Tryon School District No. 1-56",400225,NA
"940","OK","Pioneer-Pleasant Vale School District No. 1-56",147492,NA
"941","OK","Plainview School District No. 1-27",147498,NA
"942","OK","Pocola School District No. 1-007",84964,NA
"943","OK","Prue School District No. 1-50",147518,NA
"944","OK","Quapaw School District No. 1-14",37464,NA
"945","OK","Ripley School District No. 1-3",227722,NA
"946","OK","Roff Independent School District No. 1-37",147543,NA
"947","OK","Rush Springs Independent School District No. 68",147556,NA
"948","OK","Sand Springs School District No. 1-2",190915,NA
"949","OK","Sapulpa School District No. 1-33",37398,NA
"950","OK","Sasakwa School District No. 1-10",149538,NA
"951","OK","Savanna School District No. 1-30",170959,NA
"952","OK","Schulter School District No. 1-006",147570,NA
"953","OK","Seiling Independent School District No. 8",147572,NA
"954","OK","Seminole School District No. 1-1",190906,NA
"955","OK","Sentinel Independent School District No. 1",147580,NA
"956","OK","Silo School District No. 1-1",147593,NA
"957","OK","South Coffeyville School District No. 1-51",282701,NA
"958","OK","South Oklahoma City Area School District",147600,NA
"959","OK","Southern Oklahoma Technology Center V-20",65192,NA
"960","OK","Sovereign Community School District No. J-4",168683,NA
"961","OK","Sterling School District No. 1-3",148819,NA
"962","OK","Stonewall School District No. 1-030",147620,NA
"963","OK","Stuart School District No. 1-054",190921,NA
"964","OK","Sulphur School District No. 1-1",91100,NA
"965","OK","Tahlequah School District No. 1-035",227943,NA
"966","OK","Talihina School District No. 1-52",147639,NA
"967","OK","Tecumseh School District No. 1-92",170960,NA
"968","OK","Temple School District No. 1-101",147645,NA
"969","OK","Thomas-Fay-Custer Unified Independent School District No. 1-07",147656,NA
"970","OK","Tipton Independent School District No. 8",147658,NA
"971","OK","Tri-County Interlocal Co-Op, School District K001",46042,NA
"972","OK","Tulsa Technology Center No. 18",41367,NA
"973","OK","Tuttle School District No. 1-097",168412,NA
"974","OK","Tyrone School District No. 1-53",147686,NA
"975","OK","Union City Independent School District No. 57",147689,NA
"976","OK","Valliant School District No. 1-11",149550,NA
"977","OK","Verden School District No. 1-099",147701,NA
"978","OK","Verdigris School District No. 1-8",227742,NA
"979","OK","Vici Independent School District No. 5",147705,NA
"980","OK","Vinita School District No. 1-65",190931,NA
"981","OK","Walters School District No. 1-001",147714,NA
"982","OK","Watonga Independent School District No. 42",37368,NA
"983","OK","Wayne Independent School District No. 10",147727,NA
"984","OK","Waynoka School District No. 1-3",147728,NA
"985","OK","Weatherford Independent School District No. 26",37400,NA
"986","OK","Welch School District No. 1-17",147731,NA
"987","OK","Weleetka School District No. 1-31",147732,NA
"988","OK","Wellston School District No. 1-4",147733,NA
"989","OK","Wetumka School District No. 1-005",1239225,NA
"990","OK","Wilson School District No. 1-43",147751,NA
"991","OK","Woodward District No. 1-1",37507,NA
"992","OK","Wynona School District No. 1-30",147765,NA
"993","OK","Yarbrough School District No. 1-1",147767,NA
"994","OK","Zion School District No. C028",65021,NA
"995","OR","Annex School District No. 29",86249,NA
"996","OR","Arlington School District No. 3",85692,NA
"997","OR","Benton County School District 7j",90838,NA
"998","OR","Blachly School District No. 90",86129,NA
"999","OR","Burnt River School District No. 30-J",90967,NA
"1000","OR","Center for Advanced Learning",85223,NA
"1001","OR","Clackamas County School District No. 108",90958,NA
"1002","OR","Clackamas Education Service District",164419,NA
"1003","OR","Columbia Gorge Education Service District",153351,NA
"1004","OR","Condon School District No. 25J",85691,NA
"1005","OR","Coos County School District No. 13",90823,NA
"1006","OR","Coos County School District No. 31",85391,NA
"1007","OR","Coos County School District No. 41",85392,NA
"1008","OR","Coos County School District No. 54",228087,NA
"1009","OR","Corbett School District No. 39",190981,NA
"1010","OR","Deschutes County School District 1",37616,NA
"1011","OR","Douglas County School District No. 12",85526,NA
"1012","OR","Douglas County School District No. 19",86943,NA
"1013","OR","Douglas County School District No. 21",85193,NA
"1014","OR","Douglas County School District No. 32",85531,NA
"1015","OR","Douglas County School District No. 34",85532,NA
"1016","OR","Douglas County School District No. 4",90860,NA
"1017","OR","Douglas County School District No. 70",85534,NA
"1018","OR","Douglas Education Service District",190960,NA
"1019","OR","Fossil School District 21j",85664,NA
"1020","OR","Grant County Educational Service District",85722,NA
"1021","OR","Grant County School District 16j",90914,NA
"1022","OR","Grant County School District No. 4",85730,NA
"1023","OR","Harney County Educational Service District Region XVII",164421,NA
"1024","OR","Harney County School District No. 13",85770,NA
"1025","OR","Harney County School District No. 16",85779,NA
"1026","OR","Harney County School District No. 28",85781,NA
"1027","OR","Harney County School District No. 4",85784,NA
"1028","OR","Harney County School District No. 5",85785,NA
"1029","OR","Harney County School District No. 7",85786,NA
"1030","OR","Harper School District No. 66",86253,NA
"1031","OR","High Desert Education Service District",197340,NA
"1032","OR","Huntington School District No. 16J",90820,NA
"1033","OR","Insight School of Oregon Painted Hills",85894,NA
"1034","OR","Intermountain Educational Service District",55430,NA
"1035","OR","Ione School District 2",85902,NA
"1036","OR","Jackson County School District 549c",37631,NA
"1037","OR","Jackson County School District No. 35",85926,NA
"1038","OR","Jackson County School District No. 4",85927,NA
"1039","OR","Jackson County School District No. 5",90887,NA
"1040","OR","Jackson County School District No. 59",85930,NA
"1041","OR","Jackson County School District No. 6",85931,NA
"1042","OR","Jackson County School District No. 9",85558,NA
"1043","OR","Jackson County School District No. 91",85933,NA
"1044","OR","Jackson County School District No. 94",85934,NA
"1045","OR","Jane Goodall Environmental Middle School",85942,NA
"1046","OR","Jefferson County Educational Service District",85953,NA
"1047","OR","Jefferson County School District No. 8",85959,NA
"1048","OR","Lake County Educational Service District",164427,NA
"1049","OR","Lake County School District No. 11",190992,NA
"1050","OR","Lake County School District No. 14",86084,NA
"1051","OR","Lake County School District No. 18",86085,NA
"1052","OR","Lake County School District No. 21",86086,NA
"1053","OR","Lane County School District No. 32",86118,NA
"1054","OR","Lane County School District No. 4j",94017,NA
"1055","OR","Lane Education Service District",86132,NA
"1056","OR","Lane Library District",86134,NA
"1057","OR","Linn-Benton-Lincoln Educational Service District",164429,NA
"1058","OR","Malheur County School District No. 12",90883,NA
"1059","OR","Malheur Educational Service District",164430,NA
"1060","OR","Mckenzie School District No. 68",86311,NA
"1061","OR","Mosier Community School",86419,NA
"1062","OR","Multnomah County School District No. 1J",37671,NA
"1063","OR","Multnomah County School District No. 3",86450,NA
"1064","OR","Multnomah County School District No. 7",197346,NA
"1065","OR","Multnomah Education Service District",164432,NA
"1066","OR","North Central Educational Service District",164433,NA
"1067","OR","North Powder School District",87147,NA
"1068","OR","Northwest Regional Education Service District",164434,NA
"1069","OR","Pine Eagle School District No. 61",86652,NA
"1070","OR","Region 18 Educational Service District",153367,NA
"1071","OR","Sage Community School",86818,NA
"1072","OR","Siletz Valley School",86888,NA
"1073","OR","South Coast Educational Service District",164439,NA
"1074","OR","South Columbia Family School",86926,NA
"1075","OR","South Harney School District No. 33",85783,NA
"1076","OR","Southern Oregon Education Service District",191001,NA
"1077","OR","Springwater Environmental Sciences School",86961,NA
"1078","OR","The Emerson School",190961,NA
"1079","OR","The Lighthouse School",190977,NA
"1080","OR","Umatilla County School District No. 8R",87124,NA
"1081","OR","Union County School District 23",90888,NA
"1082","OR","Union County School District No. 1",87143,NA
"1083","OR","Union County School District No. 11",85890,NA
"1084","OR","Union County School District No. 15",87144,NA
"1085","OR","Union High School District No. 1j",85780,NA
"1086","OR","Wahtonka Community School",190996,NA
"1087","OR","Wallowa School District #12",87209,NA
"1088","OR","Wasco County School District No. 29",90886,NA
"1089","OR","Wheeler County School District No. 1",87300,NA
"1090","OR","Willamette Education Service District",197358,NA
"1091","PA","Appalachia Intermediate Unit 8",60736,NA
"1092","PA","Arin Intermediate Unit 28",38009,NA
"1093","PA","Beaver Valley Intermediate Unit",37872,NA
"1094","PA","Berks Career and Technology Center",95696,NA
"1095","PA","Berks County Intermediate Unit",400715,NA
"1096","PA","Blast Intermediate Unit 17",38074,NA
"1097","PA","Bucks County Intermediate Unit 22",151326,NA
"1098","PA","Bucks County Technical High School",42507,NA
"1099","PA","Capital Area Intermediate Unit",37958,NA
"1100","PA","Carbon Lehigh Intermediate Unit 21",38055,NA
"1101","PA","Career Technology Center of Lackawanna County",87518,NA
"1102","PA","Central Susquehanna Intermediate Unit No. 16",153402,NA
"1103","PA","Clearfield County Career and Technology Center",37948,NA
"1104","PA","Colonial Intermediate Unit 20",38112,NA
"1105","PA","Dauphin County Technical School",37966,NA
"1106","PA","Delaware County Technical Schools",197364,NA
"1107","PA","Delaware Intermediate Unit County",151348,NA
"1108","PA","Eastern Center for Arts and Technology",38103,NA
"1109","PA","Greater Altoona Career and Technology Center",37893,NA
"1110","PA","Greater Johnstown Area Vocational Technical School",37923,NA
"1111","PA","Indiana County Technology Center",38008,NA
"1112","PA","Jefferson County-Dubois Area Vocational Technical School",65034,NA
"1113","PA","Lancaster County Career and Technology Center",41216,NA
"1114","PA","Lancaster-Lebanon Intermediate Unit 13",38038,NA
"1115","PA","Lebanon County Career and Technology Center",38049,NA
"1116","PA","Lehigh Career and Technical Institute",46359,NA
"1117","PA","Lenape Technical School",37862,NA
"1118","PA","Luzerne Intermediate Unit",38066,NA
"1119","PA","Montgomery County Intermediate Unit",151386,NA
"1120","PA","Northeastern Educational Intermediate Unit",38023,NA
"1121","PA","Northeastern School District",38192,NA
"1122","PA","Northwest Tri-County Intermediate Unit",228813,NA
"1123","PA","Pittsburgh-Mount Oliver Intermediate Unit 2",37852,NA
"1124","PA","Riverview Intermediate Unit 6",37940,NA
"1125","PA","School District of the City of York",87500,NA
"1126","PA","Schuylkill Technology Center",38133,NA
"1127","PA","Seneca Highlands Intermediate Unit Nine",42756,NA
"1128","PA","Somerset County Technology Center",55884,NA
"1129","PA","Tuscarora Intermediate Unit 11",38081,NA
"1130","PA","Venango Technology Center",38154,NA
"1131","PA","Wilkes-Barre Area Career and Technical Center",38068,NA
"1132","PA","York County School of Technology",38200,NA
"1133","SC","Clover School District Number Two",45162,NA
"1134","SC","Denmark-Olar School District No. Two of Bamberg County",168833,NA
"1135","SC","Fort Mill School District Four",38374,NA
"1136","SC","Greenwood County School District 51",38343,NA
"1137","SC","Laurens County School District 56",38350,NA
"1138","SC","Rock Hill School District Three",38375,NA
"1139","SD","Black Hills Special Services Cooperative",38433,NA
"1140","SD","Canton School District No. 41",1035653,NA
"1141","SD","Cornbelt Educational Cooperative",65042,NA
"1142","SD","Crazy Horse School",153631,NA
"1143","SD","Little Eagle Grant School",103098,NA
"1144","SD","Redfield School District No. 56",1035654,NA
"1145","SD","South Central Cooperative",54697,NA
"1146","SD","Southeast Area Cooperative",38445,NA
"1147","TN","Alamo City Schools",106528,NA
"1148","TN","Athens City Board of Education",40334,NA
"1149","TN","Bells City School",106569,NA
"1150","TN","Bells City School Board of Education",106570,NA
"1151","TN","Board of Education Town of Greeneville",401769,NA
"1152","TN","Collierville City Schools",106715,NA
"1153","TN","Compass Community Schools",168875,NA
"1154","TN","Crosstown High School",106744,NA
"1155","TN","Explore Community School",106829,NA
"1156","TN","Greeneville-Greene County Center for Technology",106895,NA
"1157","TN","Humboldt Board of Education",106978,NA
"1158","TN","Kenton Special School District",107060,NA
"1159","TN","Lenoir City Schools",107101,NA
"1160","TN","Lexington City School System",107110,NA
"1161","TN","Little Tennessee Valley Educational Cooperative",198024,NA
"1162","TN","Metropolitan Nashville Public Schools",107203,NA
"1163","TN","Millington Municipal Schools Internal School Funds",107215,NA
"1164","TN","Oak Ridge City School fund",107280,NA
"1165","TN","Perea Elementary School",107307,NA
"1166","TN","Robertson County Schools",401793,NA
"1167","TN","Shelby County Schools",107431,NA
"1168","TN","Tennessee School Boards Unemployment Compensation Trust",107402,NA
"1169","TN","The Franklin County School Department",151433,NA
"1170","TN","Union City Schools",107534,NA
"1171","TN","Z--Cart Test",191336,NA
"1172","TX","Ector Independent School District",163559,NA
"1173","TX","Education Service Center Region 10",45474,NA
"1174","TX","Education Service Center Region 11",40486,NA
"1175","TX","Education Service Center Region XIV",40358,NA
"1176","TX","Education Service Center Region XV",40219,NA
"1177","TX","Harris County Department of Education",40864,NA
"1178","TX","Higgins Independent School District",163651,NA
"1179","TX","Region 16 Education Service Center",39146,NA
"1180","TX","Region 17 Education Service Center",40357,NA
"1181","TX","Region 18 Education Service Center",41696,NA
"1182","TX","Region 19 Education Service Center",38927,NA
"1183","TX","Region 9 Education Service Center",39246,NA
"1184","TX","Region III Education Service Center",39230,NA
"1185","TX","Region VII Education Service Center",41686,NA
"1186","TX","Region VIII Education Service Center",39207,NA
"1187","TX","Terrell County Independent School District",164100,NA
"1188","UT","Bridge Elementary",169058,NA
"1189","UT","Central Utah Educational Services",102367,NA
"1190","UT","Medical School Campus PID",197631,NA
"1191","UT","Northeastern Utah Educational Services",102418,NA
"1192","UT","Salt Lake City Open Classroom",197633,NA
"1193","UT","The Winter Sports School in Park City",102449,NA
"1194","UT","Uintah River High School",102455,NA
"1195","UT","Walden School of Liberal Arts",102465,NA
"1196","VT","Barre Unified Union School District No. 97",197885,NA
"1197","VT","Bennington-Rutland Supervisory Union",39364,NA
"1198","VT","Caledonia Central Supervisory Union",44828,NA
"1199","VT","Franklin Northeast Supervisory Union",43329,NA
"1200","VT","Franklin West Supervisory Union",39373,NA
"1201","VT","Grand Isle Supervisory Union",39374,NA
"1202","VT","Lamoille North Supervisory Union",39375,NA
"1203","VT","North Country Supervisory Union",39378,NA
"1204","VT","Orange East Supervisory Union",39376,NA
"1205","VT","Orange Southwest School District",59303,NA
"1206","VT","Orleans Central Supervisory Union",39377,NA
"1207","VT","Orleans Southwest Supervisory Union",39379,NA
"1208","VT","Rutland Northeast Supervisory Union",39382,NA
"1209","VT","St. Johnsbury School District",94032,NA
"1210","VT","Two Rivers Supervisory Union",57407,NA
"1211","VT","Windham Central Supervisory Union",39386,NA
"1212","VT","Windham Northeast Supervisory Union",39387,NA
"1213","VT","Windham Southeast School District",169242,NA
"1214","VT","Windham Southeast Supervisory Union",39388,NA
"1215","VT","Windham Southwest Supervisory Union",46659,NA
"1216","VT","Windsor Central Supervisory Union",48634,NA
"1217","VT","Windsor Southeast Supervisory Union",39390,NA
"1218","WA","North Central Educational Service District No. 171",48842,NA
"1219","WA","Olympic Educational Service District No. 114",39652,NA
"1220","WA","United Schools Insurance Program",89386,NA
"1221","WI","Kenosha Unified School District",39994,NA
"1222","WV","Southern Educational Services Cooperative",66409,NA
"1223","WY","Big Horn County School District No. 2",40142,NA
